{"sane": true, "normalizes": true, "range": true, "log_prob": -943.10107421875, "avg_log_prob": -1.8862021484375, "perplexity": 6.594276978794851}