{"sane": true, "normalizes": true, "range": true, "log_prob": -1218.984130859375, "avg_log_prob": -2.43796826171875, "perplexity": 11.4497541908154}